t,alpha,R2_alpha,beta,R2_beta,alpha_plus_beta,alpha_se,beta_se,product_slope,R2_product
0,-1.0319573206506298,0.7499999649312815,0.9220316095436266,0.9976049342949261,-0.10992571110700322,0.5958008925871042,0.04517781594844478,-0.048292245589985676,0.0239265357813954
